{"skeleton":{"hash":"K+dIxmgK7sVyCvf+ouNNpTAN9ho","spine":"3.8.75","x":-636.43,"y":-746.49,"width":1281.59,"height":1224.92,"images":"","audio":""},"bones":[{"name":"root"},{"name":"poker","parent":"root","x":4.37,"y":-136.21,"scaleX":4.3592,"scaleY":4.3592},{"name":"logo","parent":"root","x":0.22,"y":44.58}],"slots":[{"name":"poker","bone":"poker","attachment":"logoani00060"},{"name":"logo","bone":"logo","attachment":"logo"}],"skins":[{"name":"default","attachments":{"logo":{"logo":{"x":0.5,"width":369,"height":418}},"poker":{"logoani00000":{"y":0.5,"width":294,"height":281},"logoani00001":{"y":0.5,"width":294,"height":281},"logoani00002":{"y":0.5,"width":294,"height":281},"logoani00003":{"y":0.5,"width":294,"height":281},"logoani00004":{"y":0.5,"width":294,"height":281},"logoani00005":{"y":0.5,"width":294,"height":281},"logoani00006":{"y":0.5,"width":294,"height":281},"logoani00007":{"y":0.5,"width":294,"height":281},"logoani00008":{"y":0.5,"width":294,"height":281},"logoani00009":{"y":0.5,"width":294,"height":281},"logoani00010":{"y":0.5,"width":294,"height":281},"logoani00011":{"y":0.5,"width":294,"height":281},"logoani00012":{"y":0.5,"width":294,"height":281},"logoani00013":{"y":0.5,"width":294,"height":281},"logoani00014":{"y":0.5,"width":294,"height":281},"logoani00015":{"y":0.5,"width":294,"height":281},"logoani00016":{"y":0.5,"width":294,"height":281},"logoani00017":{"y":0.5,"width":294,"height":281},"logoani00018":{"y":0.5,"width":294,"height":281},"logoani00019":{"y":0.5,"width":294,"height":281},"logoani00020":{"y":0.5,"width":294,"height":281},"logoani00021":{"y":0.5,"width":294,"height":281},"logoani00022":{"y":0.5,"width":294,"height":281},"logoani00023":{"y":0.5,"width":294,"height":281},"logoani00024":{"y":0.5,"width":294,"height":281},"logoani00025":{"y":0.5,"width":294,"height":281},"logoani00026":{"y":0.5,"width":294,"height":281},"logoani00027":{"y":0.5,"width":294,"height":281},"logoani00028":{"y":0.5,"width":294,"height":281},"logoani00029":{"y":0.5,"width":294,"height":281},"logoani00030":{"y":0.5,"width":294,"height":281},"logoani00031":{"y":0.5,"width":294,"height":281},"logoani00032":{"y":0.5,"width":294,"height":281},"logoani00033":{"y":0.5,"width":294,"height":281},"logoani00034":{"y":0.5,"width":294,"height":281},"logoani00035":{"y":0.5,"width":294,"height":281},"logoani00036":{"y":0.5,"width":294,"height":281},"logoani00037":{"y":0.5,"width":294,"height":281},"logoani00038":{"y":0.5,"width":294,"height":281},"logoani00039":{"y":0.5,"width":294,"height":281},"logoani00040":{"y":0.5,"width":294,"height":281},"logoani00041":{"y":0.5,"width":294,"height":281},"logoani00042":{"y":0.5,"width":294,"height":281},"logoani00043":{"y":0.5,"width":294,"height":281},"logoani00044":{"y":0.5,"width":294,"height":281},"logoani00045":{"y":0.5,"width":294,"height":281},"logoani00046":{"y":0.5,"width":294,"height":281},"logoani00047":{"y":0.5,"width":294,"height":281},"logoani00048":{"y":0.5,"width":294,"height":281},"logoani00049":{"y":0.5,"width":294,"height":281},"logoani00050":{"y":0.5,"width":294,"height":281},"logoani00051":{"y":0.5,"width":294,"height":281},"logoani00052":{"y":0.5,"width":294,"height":281},"logoani00053":{"y":0.5,"width":294,"height":281},"logoani00054":{"y":0.5,"width":294,"height":281},"logoani00055":{"y":0.5,"width":294,"height":281},"logoani00056":{"y":0.5,"width":294,"height":281},"logoani00057":{"y":0.5,"width":294,"height":281},"logoani00058":{"y":0.5,"width":294,"height":281},"logoani00059":{"y":0.5,"width":294,"height":281},"logoani00060":{"y":0.5,"width":294,"height":281},"logoani00061":{"y":0.5,"width":294,"height":281},"logoani00062":{"y":0.5,"width":294,"height":281},"logoani00063":{"y":0.5,"width":294,"height":281},"logoani00064":{"y":0.5,"width":294,"height":281},"logoani00065":{"y":0.5,"width":294,"height":281},"logoani00066":{"y":0.5,"width":294,"height":281},"logoani00067":{"y":0.5,"width":294,"height":281},"logoani00068":{"y":0.5,"width":294,"height":281},"logoani00069":{"y":0.5,"width":294,"height":281},"logoani00070":{"y":0.5,"width":294,"height":281},"logoani00071":{"y":0.5,"width":294,"height":281},"logoani00072":{"y":0.5,"width":294,"height":281},"logoani00073":{"y":0.5,"width":294,"height":281},"logoani00074":{"y":0.5,"width":294,"height":281},"logoani00075":{"y":0.5,"width":294,"height":281},"logoani00076":{"y":0.5,"width":294,"height":281},"logoani00077":{"y":0.5,"width":294,"height":281},"logoani00078":{"y":0.5,"width":294,"height":281},"logoani00079":{"y":0.5,"width":294,"height":281},"logoani00080":{"y":0.5,"width":294,"height":281},"logoani00081":{"y":0.5,"width":294,"height":281},"logoani00082":{"y":0.5,"width":294,"height":281}}}}],"animations":{"animation":{"slots":{"logo":{"color":[{"color":"ffffff00","curve":"stepped"},{"time":4,"color":"ffffff00"},{"time":5,"color":"ffffffff"}]},"poker":{"attachment":[{"name":"logoani00000"},{"time":0.0667,"name":"logoani00001"},{"time":0.1333,"name":"logoani00002"},{"time":0.2,"name":"logoani00003"},{"time":0.2667,"name":"logoani00004"},{"time":0.3333,"name":"logoani00005"},{"time":0.4,"name":"logoani00006"},{"time":0.4667,"name":"logoani00007"},{"time":0.5333,"name":"logoani00008"},{"time":0.6,"name":"logoani00009"},{"time":0.6667,"name":"logoani00010"},{"time":0.7333,"name":"logoani00011"},{"time":0.8,"name":"logoani00012"},{"time":0.8667,"name":"logoani00013"},{"time":0.9333,"name":"logoani00014"},{"time":1,"name":"logoani00015"},{"time":1.0667,"name":"logoani00016"},{"time":1.1333,"name":"logoani00017"},{"time":1.2,"name":"logoani00018"},{"time":1.2667,"name":"logoani00019"},{"time":1.3333,"name":"logoani00020"},{"time":1.4,"name":"logoani00021"},{"time":1.4667,"name":"logoani00022"},{"time":1.5333,"name":"logoani00023"},{"time":1.6,"name":"logoani00024"},{"time":1.6667,"name":"logoani00025"},{"time":1.7333,"name":"logoani00026"},{"time":1.8,"name":"logoani00027"},{"time":1.8667,"name":"logoani00028"},{"time":1.9333,"name":"logoani00029"},{"time":2,"name":"logoani00030"},{"time":2.0667,"name":"logoani00031"},{"time":2.1333,"name":"logoani00032"},{"time":2.2,"name":"logoani00033"},{"time":2.2667,"name":"logoani00034"},{"time":2.3333,"name":"logoani00035"},{"time":2.4,"name":"logoani00036"},{"time":2.4667,"name":"logoani00037"},{"time":2.5333,"name":"logoani00038"},{"time":2.6,"name":"logoani00039"},{"time":2.6667,"name":"logoani00040"},{"time":2.7333,"name":"logoani00041"},{"time":2.8,"name":"logoani00042"},{"time":2.8667,"name":"logoani00043"},{"time":2.9333,"name":"logoani00044"},{"time":3,"name":"logoani00045"},{"time":3.0667,"name":"logoani00046"},{"time":3.1333,"name":"logoani00047"},{"time":3.2,"name":"logoani00048"},{"time":3.2667,"name":"logoani00049"},{"time":3.3333,"name":"logoani00050"},{"time":3.4,"name":"logoani00051"},{"time":3.4667,"name":"logoani00052"},{"time":3.5333,"name":"logoani00053"},{"time":3.6,"name":"logoani00054"},{"time":3.6667,"name":"logoani00055"},{"time":3.7333,"name":"logoani00056"},{"time":3.8,"name":"logoani00057"},{"time":3.8667,"name":"logoani00058"},{"time":3.9333,"name":"logoani00059"},{"time":4,"name":"logoani00060"},{"time":4.0667,"name":"logoani00061"},{"time":4.1333,"name":"logoani00062"},{"time":4.2,"name":"logoani00063"},{"time":4.2667,"name":"logoani00064"},{"time":4.3333,"name":"logoani00065"},{"time":4.4,"name":"logoani00066"},{"time":4.4667,"name":"logoani00067"},{"time":4.5333,"name":"logoani00068"},{"time":4.6,"name":"logoani00069"},{"time":4.6667,"name":"logoani00070"},{"time":4.7333,"name":"logoani00071"},{"time":4.8,"name":"logoani00072"},{"time":4.8667,"name":"logoani00073"},{"time":4.9333,"name":"logoani00074"},{"time":5,"name":"logoani00075"},{"time":5.0667,"name":"logoani00076"},{"time":5.1333,"name":"logoani00077"},{"time":5.2,"name":"logoani00078"},{"time":5.2667,"name":"logoani00079"},{"time":5.3333,"name":"logoani00080"},{"time":5.4,"name":"logoani00081"},{"time":5.4667,"name":"logoani00082"},{"time":5.5333,"name":null}]}}}}}